[
    {
       "id":1,
       "category":1,
       "postDate":"2023-05-14",
       "featureImage":"https://dummyimage.com/200x200/000/fff",
       "price":9.99,
       "title":"Lawnmower",
       "body":"Lorem ipsum dolor sit amet, consectetur adipiscing elit. Cras convallis fringilla sem efficitur congue. Vestibulum efficitur blandit ultricies. Sed tempus mollis orci id facilisis. Aliquam placerat, ipsum eget egestas malesuada, neque nunc scelerisque felis, ut egestas turpis augue ut nisi. Curabitur vel convallis augue.",
       "published":true
    },
    {
       "id":2,
       "category":1,
       "postDate":"2023-05-15",
       "featureImage":"https://dummyimage.com/200x200/000/fff",
       "price":19.99,
       "title":"Weber BBQ",
       "body":"Lorem ipsum dolor sit amet, consectetur adipiscing elit. Cras convallis fringilla sem efficitur congue. Vestibulum efficitur blandit ultricies. Sed tempus mollis orci id facilisis. Aliquam placerat, ipsum eget egestas malesuada, neque nunc scelerisque felis, ut egestas turpis augue ut nisi. Curabitur vel convallis augue.",
       "published":true
    },
    {
       "id":3,
       "category":2,
       "postDate":"2023-05-16",
       "featureImage":"https://dummyimage.com/200x200/000/fff",
       "price":439.99,
       "title":"PS5",
       "body":"Lorem ipsum dolor sit amet, consectetur adipiscing elit. Cras convallis fringilla sem efficitur congue. Vestibulum efficitur blandit ultricies. Sed tempus mollis orci id facilisis. Aliquam placerat, ipsum eget egestas malesuada, neque nunc scelerisque felis, ut egestas turpis augue ut nisi. Curabitur vel convallis augue.",
       "published":true
    },
    {
       "id":4,
       "category":2,
       "postDate":"2023-05-17",
       "featureImage":"https://dummyimage.com/200x200/000/fff",
       "price":459.99,
       "title":"XBOX",
       "body":"Lorem ipsum dolor sit amet, consectetur adipiscing elit. Cras convallis fringilla sem efficitur congue. Vestibulum efficitur blandit ultricies. Sed tempus mollis orci id facilisis. Aliquam placerat, ipsum eget egestas malesuada, neque nunc scelerisque felis, ut egestas turpis augue ut nisi. Curabitur vel convallis augue.",
       "published":true
    },
    {
       "id":5,
       "category":3,
       "postDate":"2023-05-18",
       "featureImage":"https://dummyimage.com/200x200/000/fff",
       "price":39.99,
       "title":"TShirt",
       "body":"Lorem ipsum dolor sit amet, consectetur adipiscing elit. Cras convallis fringilla sem efficitur congue. Vestibulum efficitur blandit ultricies. Sed tempus mollis orci id facilisis. Aliquam placerat, ipsum eget egestas malesuada, neque nunc scelerisque felis, ut egestas turpis augue ut nisi. Curabitur vel convallis augue.",
       "published":true
    },
    {
       "id":6,
       "category":3,
       "postDate":"2023-05-19",
       "featureImage":"https://dummyimage.com/200x200/000/fff",
       "price":29.99,
       "title":"Shorts",
       "body":"Lorem ipsum dolor sit amet, consectetur adipiscing elit. Cras convallis fringilla sem efficitur congue. Vestibulum efficitur blandit ultricies. Sed tempus mollis orci id facilisis. Aliquam placerat, ipsum eget egestas malesuada, neque nunc scelerisque felis, ut egestas turpis augue ut nisi. Curabitur vel convallis augue.",
       "published":true
    },
    {
       "id":7,
       "category":4,
       "postDate":"2023-05-20",
       "featureImage":"https://dummyimage.com/200x200/000/fff",
       "price":19.99,
       "title":"Baseball",
       "body":"Lorem ipsum dolor sit amet, consectetur adipiscing elit. Cras convallis fringilla sem efficitur congue. Vestibulum efficitur blandit ultricies. Sed tempus mollis orci id facilisis. Aliquam placerat, ipsum eget egestas malesuada, neque nunc scelerisque felis, ut egestas turpis augue ut nisi. Curabitur vel convallis augue.",
       "published":true
    },
    {
       "id":8,
       "category":4,
       "postDate":"2023-05-21",
       "featureImage":"https://dummyimage.com/200x200/000/fff",
       "price":99.99,
       "title":"Soccer Ball",
       "body":"Lorem ipsum dolor sit amet, consectetur adipiscing elit. Cras convallis fringilla sem efficitur congue. Vestibulum efficitur blandit ultricies. Sed tempus mollis orci id facilisis. Aliquam placerat, ipsum eget egestas malesuada, neque nunc scelerisque felis, ut egestas turpis augue ut nisi. Curabitur vel convallis augue.",
       "published":true
    },
    {
       "id":9,
       "category":5,
       "postDate":"2023-05-16",
       "featureImage":"https://dummyimage.com/200x200/000/fff",
       "price":99.99,
       "title":"Dog Food",
       "body":"Lorem ipsum dolor sit amet, consectetur adipiscing elit. Cras convallis fringilla sem efficitur congue. Vestibulum efficitur blandit ultricies. Sed tempus mollis orci id facilisis. Aliquam placerat, ipsum eget egestas malesuada, neque nunc scelerisque felis, ut egestas turpis augue ut nisi. Curabitur vel convallis augue.",
       "published":true
    },
    {
       "id":10,
       "category":5,
       "postDate":"2023-05-16",
       "featureImage":"https://dummyimage.com/200x200/000/fff",
       "price":9.99,
       "title":"Fish Food",
       "body":"Lorem ipsum dolor sit amet, consectetur adipiscing elit. Cras convallis fringilla sem efficitur congue. Vestibulum efficitur blandit ultricies. Sed tempus mollis orci id facilisis. Aliquam placerat, ipsum eget egestas malesuada, neque nunc scelerisque felis, ut egestas turpis augue ut nisi. Curabitur vel convallis augue.",
       "published":true
    },
    {
      "id":11,
      "category":2,
      "postDate":"2024-10-09",
      "featureImage":"https://dummyimage.com/200x200/000/fff",
      "price":209.99,
      "title":"Monitor",
      "body":"Lorem ipsum dolor sit amet, consectetur adipiscing elit. Cras convallis fringilla sem efficitur congue. Vestibulum efficitur blandit ultricies. Sed tempus mollis orci id facilisis. Aliquam placerat, ipsum eget egestas malesuada, neque nunc scelerisque felis, ut egestas turpis augue ut nisi. Curabitur vel convallis augue.",
      "published":true
   },
   {
      "id":12,
      "category":2,
      "postDate":"2024-10-09",
      "featureImage":"https://dummyimage.com/200x200/000/fff",
      "price":89.99,
      "title":"Mechanical Keyboard",
      "body":"Lorem ipsum dolor sit amet, consectetur adipiscing elit. Cras convallis fringilla sem efficitur congue. Vestibulum efficitur blandit ultricies. Sed tempus mollis orci id facilisis. Aliquam placerat, ipsum eget egestas malesuada, neque nunc scelerisque felis, ut egestas turpis augue ut nisi. Curabitur vel convallis augue.",
      "published":true
   },
   {
      "id":13,
      "category":4,
      "postDate":"2024-10-09",
      "featureImage":"https://dummyimage.com/200x200/000/fff",
      "price":60.99,
      "title":"Basketball",
      "body":"Lorem ipsum dolor sit amet, consectetur adipiscing elit. Cras convallis fringilla sem efficitur congue. Vestibulum efficitur blandit ultricies. Sed tempus mollis orci id facilisis. Aliquam placerat, ipsum eget egestas malesuada, neque nunc scelerisque felis, ut egestas turpis augue ut nisi. Curabitur vel convallis augue.",
      "published":true
   },
   {
      "id":14,
      "category":3,
      "postDate":"2024-10-09",
      "featureImage":"https://dummyimage.com/200x200/000/fff",
      "price":35.99,
      "title":"Denim Jacket",
      "body":"Lorem ipsum dolor sit amet, consectetur adipiscing elit. Cras convallis fringilla sem efficitur congue. Vestibulum efficitur blandit ultricies. Sed tempus mollis orci id facilisis. Aliquam placerat, ipsum eget egestas malesuada, neque nunc scelerisque felis, ut egestas turpis augue ut nisi. Curabitur vel convallis augue.",
      "published":true
   },
   {
      "id":15,
      "category":3,
      "postDate":"2024-10-09",
      "featureImage":"https://dummyimage.com/200x200/000/fff",
      "price":25.99,
      "title":"Oversized Hoodie",
      "body":"Lorem ipsum dolor sit amet, consectetur adipiscing elit. Cras convallis fringilla sem efficitur congue. Vestibulum efficitur blandit ultricies. Sed tempus mollis orci id facilisis. Aliquam placerat, ipsum eget egestas malesuada, neque nunc scelerisque felis, ut egestas turpis augue ut nisi. Curabitur vel convallis augue.",
      "published":true
   },
   {
      "id":16,
      "category":1,
      "postDate":"2024-10-09",
      "featureImage":"https://dummyimage.com/200x200/000/fff",
      "price":20.99,
      "title":"Table Lamp",
      "body":"Lorem ipsum dolor sit amet, consectetur adipiscing elit. Cras convallis fringilla sem efficitur congue. Vestibulum efficitur blandit ultricies. Sed tempus mollis orci id facilisis. Aliquam placerat, ipsum eget egestas malesuada, neque nunc scelerisque felis, ut egestas turpis augue ut nisi. Curabitur vel convallis augue.",
      "published":true
   },
   {
      "id":17,
      "category":5,
      "postDate":"2024-10-09",
      "featureImage":"https://dummyimage.com/200x200/000/fff",
      "price":21.99,
      "title":"Pet Bed",
      "body":"Lorem ipsum dolor sit amet, consectetur adipiscing elit. Cras convallis fringilla sem efficitur congue. Vestibulum efficitur blandit ultricies. Sed tempus mollis orci id facilisis. Aliquam placerat, ipsum eget egestas malesuada, neque nunc scelerisque felis, ut egestas turpis augue ut nisi. Curabitur vel convallis augue.",
      "published":true
   },
   {
      "id":18,
      "category":1,
      "postDate":"2024-10-09",
      "featureImage":"https://dummyimage.com/200x200/000/fff",
      "price":45.99,
      "title":"3-Pack Succulent",
      "body":"Lorem ipsum dolor sit amet, consectetur adipiscing elit. Cras convallis fringilla sem efficitur congue. Vestibulum efficitur blandit ultricies. Sed tempus mollis orci id facilisis. Aliquam placerat, ipsum eget egestas malesuada, neque nunc scelerisque felis, ut egestas turpis augue ut nisi. Curabitur vel convallis augue.",
      "published":true
   },
   {
      "id":19,
      "category":5,
      "postDate":"2024-10-09",
      "featureImage":"https://dummyimage.com/200x200/000/fff",
      "price":75.99,
      "title":"Storage Drawer Unit",
      "body":"Lorem ipsum dolor sit amet, consectetur adipiscing elit. Cras convallis fringilla sem efficitur congue. Vestibulum efficitur blandit ultricies. Sed tempus mollis orci id facilisis. Aliquam placerat, ipsum eget egestas malesuada, neque nunc scelerisque felis, ut egestas turpis augue ut nisi. Curabitur vel convallis augue.",
      "published":true
   },
   {
      "id":20,
      "category":2,
      "postDate":"2024-10-09",
      "featureImage":"https://dummyimage.com/200x200/000/fff",
      "price":13.99,
      "title":"Computer Mouse",
      "body":"Lorem ipsum dolor sit amet, consectetur adipiscing elit. Cras convallis fringilla sem efficitur congue. Vestibulum efficitur blandit ultricies. Sed tempus mollis orci id facilisis. Aliquam placerat, ipsum eget egestas malesuada, neque nunc scelerisque felis, ut egestas turpis augue ut nisi. Curabitur vel convallis augue.",
      "published":true
   },
   {
      "id":21,
      "category":2,
      "postDate":"2024-10-09",
      "featureImage":"https://dummyimage.com/200x200/000/fff",
      "price":21.99,
      "title":"Portable Charger",
      "body":"Lorem ipsum dolor sit amet, consectetur adipiscing elit. Cras convallis fringilla sem efficitur congue. Vestibulum efficitur blandit ultricies. Sed tempus mollis orci id facilisis. Aliquam placerat, ipsum eget egestas malesuada, neque nunc scelerisque felis, ut egestas turpis augue ut nisi. Curabitur vel convallis augue.",
      "published":true
   },
   {
      "id":22,
      "category":1,
      "postDate":"2024-10-09",
      "featureImage":"https://dummyimage.com/200x200/000/fff",
      "price":39.99,
      "title":"Garden Tool Kit",
      "body":"Lorem ipsum dolor sit amet, consectetur adipiscing elit. Cras convallis fringilla sem efficitur congue. Vestibulum efficitur blandit ultricies. Sed tempus mollis orci id facilisis. Aliquam placerat, ipsum eget egestas malesuada, neque nunc scelerisque felis, ut egestas turpis augue ut nisi. Curabitur vel convallis augue.",
      "published":true
   },
   {
      "id":23,
      "category":4,
      "postDate":"2024-10-09",
      "featureImage":"https://dummyimage.com/200x200/000/fff",
      "price":259.99,
      "title":"Bike",
      "body":"Lorem ipsum dolor sit amet, consectetur adipiscing elit. Cras convallis fringilla sem efficitur congue. Vestibulum efficitur blandit ultricies. Sed tempus mollis orci id facilisis. Aliquam placerat, ipsum eget egestas malesuada, neque nunc scelerisque felis, ut egestas turpis augue ut nisi. Curabitur vel convallis augue.",
      "published":true
   },
   {
      "id":24,
      "category":2,
      "postDate":"2024-10-09",
      "featureImage":"https://dummyimage.com/200x200/000/fff",
      "price":305.99,
      "title":"Camping Tent",
      "body":"Lorem ipsum dolor sit amet, consectetur adipiscing elit. Cras convallis fringilla sem efficitur congue. Vestibulum efficitur blandit ultricies. Sed tempus mollis orci id facilisis. Aliquam placerat, ipsum eget egestas malesuada, neque nunc scelerisque felis, ut egestas turpis augue ut nisi. Curabitur vel convallis augue.",
      "published":true
   },
   {
      "id":25,
      "category":2,
      "postDate":"2024-10-09",
      "featureImage":"https://dummyimage.com/200x200/000/fff",
      "price":213.99,
      "title":"AirPods",
      "body":"Lorem ipsum dolor sit amet, consectetur adipiscing elit. Cras convallis fringilla sem efficitur congue. Vestibulum efficitur blandit ultricies. Sed tempus mollis orci id facilisis. Aliquam placerat, ipsum eget egestas malesuada, neque nunc scelerisque felis, ut egestas turpis augue ut nisi. Curabitur vel convallis augue.",
      "published":true
   },
   {
      "id":26,
      "category":1,
      "postDate":"2024-10-09",
      "featureImage":"https://dummyimage.com/200x200/000/fff",
      "price":75.99,
      "title":"Velvet Ottoman",
      "body":"Lorem ipsum dolor sit amet, consectetur adipiscing elit. Cras convallis fringilla sem efficitur congue. Vestibulum efficitur blandit ultricies. Sed tempus mollis orci id facilisis. Aliquam placerat, ipsum eget egestas malesuada, neque nunc scelerisque felis, ut egestas turpis augue ut nisi. Curabitur vel convallis augue.",
      "published":true
   },
   {
      "id":27,
      "category":3,
      "postDate":"2024-10-09",
      "featureImage":"https://dummyimage.com/200x200/000/fff",
      "price":32.99,
      "title":"V-Neck Cardigan",
      "body":"Lorem ipsum dolor sit amet, consectetur adipiscing elit. Cras convallis fringilla sem efficitur congue. Vestibulum efficitur blandit ultricies. Sed tempus mollis orci id facilisis. Aliquam placerat, ipsum eget egestas malesuada, neque nunc scelerisque felis, ut egestas turpis augue ut nisi. Curabitur vel convallis augue.",
      "published":true
   },
   {
      "id":28,
      "category":5,
      "postDate":"2024-10-09",
      "featureImage":"https://dummyimage.com/200x200/000/fff",
      "price":112.99,
      "title":"Automatic Cat Feeder",
      "body":"Lorem ipsum dolor sit amet, consectetur adipiscing elit. Cras convallis fringilla sem efficitur congue. Vestibulum efficitur blandit ultricies. Sed tempus mollis orci id facilisis. Aliquam placerat, ipsum eget egestas malesuada, neque nunc scelerisque felis, ut egestas turpis augue ut nisi. Curabitur vel convallis augue.",
      "published":true
   },
   {
      "id":29,
      "category":1,
      "postDate":"2024-10-09",
      "featureImage":"https://dummyimage.com/200x200/000/fff",
      "price":21.99,
      "title":"Mirror",
      "body":"Lorem ipsum dolor sit amet, consectetur adipiscing elit. Cras convallis fringilla sem efficitur congue. Vestibulum efficitur blandit ultricies. Sed tempus mollis orci id facilisis. Aliquam placerat, ipsum eget egestas malesuada, neque nunc scelerisque felis, ut egestas turpis augue ut nisi. Curabitur vel convallis augue.",
      "published":true
   },
   {
      "id":30,
      "category":1,
      "postDate":"2024-10-09",
      "featureImage":"https://dummyimage.com/200x200/000/fff",
      "price":204.99,
      "title":"Coffee Maker",
      "body":"Lorem ipsum dolor sit amet, consectetur adipiscing elit. Cras convallis fringilla sem efficitur congue. Vestibulum efficitur blandit ultricies. Sed tempus mollis orci id facilisis. Aliquam placerat, ipsum eget egestas malesuada, neque nunc scelerisque felis, ut egestas turpis augue ut nisi. Curabitur vel convallis augue.",
      "published":true
   }

 ] 